date,asos,boohoo,plt,boohooman,karen_millen,next,zara,hm,river_island,new_look,mango,marks_spencer
2026-08-27,100.0,22.6,1.0,4.8,5.2,671.4,123.6,54.2,34.0,48.4,61.8,7.6
2026-08-28,100.0,23.1,1.6,4.9,5.4,686.5,126.0,55.5,35.0,49.2,63.0,7.7
2026-08-29,100.0,22.9,0.8,4.8,5.6,681.6,126.4,55.7,33.8,49.7,63.5,7.7
2026-08-30,100.0,23.1,1.0,5.0,5.5,711.5,131.0,58.0,36.5,50.3,64.5,7.7
2026-08-31,100.0,23.6,1.4,5.2,5.8,856.4,166.7,62.8,37.2,50.9,65.9,7.7
2026-09-02,100.0,24.5,1.8,5.2,5.9,912.5,188.8,71.2,36.3,53.2,68.1,7.8
2026-09-03,100.0,24.7,1.8,5.4,6.0,880.2,140.7,66.3,33.7,54.2,69.0,7.9
2026-09-05,100.0,26.0,1.8,5.5,6.4,808.6,147.1,66.7,39.1,56.1,72.1,8.3
2026-09-06,100.0,26.5,2.2,5.8,6.6,832.3,153.9,68.9,40.1,57.4,73.9,8.2
2026-09-07,100.0,26.8,2.3,5.6,6.7,849.1,158.2,70.3,40.0,58.3,75.1,8.3
2026-09-08,100.0,26.6,2.2,5.6,6.5,831.4,156.2,69.8,39.6,57.5,73.9,8.2
2026-09-09,100.0,27.1,2.5,5.7,6.4,843.0,158.8,70.9,40.0,58.6,75.7,8.4
2026-09-10,100.0,28.0,2.3,5.7,6.8,885.1,165.2,71.4,42.9,59.2,76.0,8.2
2026-09-11,100.0,28.6,2.6,6.4,7.0,860.6,167.3,72.1,42.4,60.6,77.6,8.5
2026-09-12,100.0,29.0,2.5,5.9,7.1,863.1,171.3,75.8,42.7,60.8,78.7,8.6
2026-09-13,100.0,29.4,2.5,6.1,7.2,864.0,172.0,78.7,42.7,62.4,80.4,8.7
2026-09-14,100.0,29.1,2.7,5.7,7.2,858.4,174.0,78.6,42.9,61.7,79.2,8.5
2026-09-15,100.0,29.4,2.8,5.8,6.7,834.8,169.0,78.1,41.9,60.9,77.8,8.3
2026-09-16,100.0,29.1,2.6,5.8,6.4,831.0,168.4,76.8,40.6,59.9,77.0,8.3
2026-09-17,100.0,28.7,2.3,5.8,6.3,827.1,167.1,75.5,41.3,60.1,77.5,8.1
2026-09-18,100.0,29.4,2.4,6.1,6.6,836.5,167.9,76.9,41.7,59.5,76.4,8.2
2026-09-19,100.0,29.0,2.4,5.8,6.5,821.5,168.7,74.8,41.7,59.0,76.1,7.7
2026-09-20,100.0,29.1,2.4,5.9,6.3,826.1,167.7,77.0,42.2,59.0,76.1,7.7
2026-09-21,100.0,28.5,2.7,5.7,6.2,821.9,167.5,75.6,41.9,58.5,76.2,7.4
2026-09-22,100.0,28.2,2.7,5.5,6.1,810.9,162.4,73.9,41.8,57.1,74.8,7.1
2026-09-23,100.0,28.2,2.6,5.7,5.6,786.4,156.2,73.4,38.5,56.4,74.6,7.2
2026-09-24,100.0,28.4,2.5,5.6,5.8,800.0,158.2,75.2,38.8,56.5,73.9,7.3
2026-09-25,100.0,28.6,2.5,5.6,5.8,816.8,161.5,77.0,40.4,55.9,74.5,7.0
2026-09-26,100.0,28.3,2.7,5.5,6.0,806.1,161.2,75.8,40.0,56.3,74.6,7.1
2026-09-27,100.0,28.9,2.6,5.5,6.0,817.3,164.7,77.6,39.7,57.2,75.9,7.3
2026-09-28,100.0,29.1,2.6,5.7,6.1,834.4,166.9,80.0,40.0,58.2,76.5,7.5
2026-09-29,100.0,29.6,2.4,5.8,6.0,834.8,169.0,80.0,41.3,58.5,76.7,7.4
2026-09-30,100.0,29.8,2.5,5.9,6.2,849.1,171.7,81.1,42.8,58.2,76.6,7.3
2026-10-01,100.0,29.8,2.5,5.9,6.3,836.2,173.0,79.6,41.4,58.2,76.6,7.5
2026-10-02,100.0,30.3,2.6,5.9,6.4,841.9,175.7,79.7,43.2,58.8,77.4,7.4
2026-10-03,100.0,30.5,2.7,6.2,6.6,840.4,174.8,81.5,42.4,59.5,77.3,7.5
2026-10-04,100.0,30.6,2.6,6.1,6.4,837.8,176.4,81.1,43.9,60.0,78.3,7.2
2026-10-05,100.0,30.4,2.8,6.1,6.3,840.5,178.4,83.8,43.9,60.1,76.7,7.5
2026-10-06,100.0,31.4,0.6,8.4,8.4,839.6,181.2,84.0,45.1,61.1,76.1,8.9
